name,price,url
Светильник потолочный Matthew,4990,/product/svetilnik-potolochnyj-matthew
Светильник потолочный Парма White,5090,/product/svetilnik-potolochnyj-parma-white
Светильник потолочный Лима-1 Black,2590,/product/svetilnik-potolochnyj-lima-1-black
Светильник потолочный Мона Beige-4,30 290,/product/svetilnik-potolochnyj-mona-beige-4
Светильник потолочный Линг White,7690,/product/svetilnik-potolochnyj-ling-white
Светильник потолочный Банджи White,7990,/product/svetilnik-potolochnyj-bandji-white
Светильник потолочный Мона Beige-3,25 490,/product/svetilnik-potolochnyj-mona-beige-3
Светильник потолочный Кантур Grafit,36 990,/product/svetilnik-potolochnyj-kantur-grafit
Светильник потолочный Линг Black,7690,/product/svetilnik-potolochnyj-ling-black
Светильник потолочный Атрани Black,4490,/product/svetilnik-potolochnyj-atrani-black
Светильник потолочный Белфаст Black,4990,/product/svetilnik-potolochnyj-belfast-black
Спот Лайт-1 Black,2390,/product/spot-lajt-1-black
Спот Лайт-1 Grey,2390,/product/spot-lajt-1-grey
Спот Лайт-1 White,2390,/product/spot-lajt-1-white
Спот Лайт-2 Black,3190,/product/spot-lajt-2-black
Спот Лайт-2 White,3190,/product/spot-lajt-2-white
Светильник потолочный Элси Black,790,/product/svetilnik-potolochnyj-elsi-black
